text,processed_text
안녕하세요 국내 최고령 찐따(아마도)입니다,국내 최고 령
"안녕하세요! 저는 첫 번째 줄에 있는 소녀들 중 한 명이었는데, 정말 좋았어요! 칸에 오셔서 프랑스 kdrama 팬분들과 교류해 주셔서 정말 감사합니다!  여러분 모두를 곧 다시 볼 수 있기를 바랍니다! 🇫🇷🇫🇷",저 첫 줄 소녀 중 명 정말 칸 프랑스 팬 교류 정말 여러분 모두 곧 다시 볼 수
와....구독자 1000명 되어서 울었었다는 그 빠니보틀 맞냐... 가슴이 웅장해진다... 월클보틀 너무 축하드립니다! 앞으로도 좋은영상 많이 만들어주세요,독자 명 그 보틀 가슴 웅장 월 보틀 축하 앞 영상
"칸에 초청받는게 꿈인 영화과 입시생 고등학생입니다. 빠니보틀님 영상 보며  세계여행이라는 목표를 가지게 되어서,  처음엔 그냥 내가 못 가는 곳 대리만족하려고 보는 마음이 컸는데,  이제는 내가 미래에 갈 곳 미리보기 하는 느낌으로 영상 봤었거든요. 근데 오늘 이 영상 보니까 나도 칸에 갈 수 있을거다라는 그런 희망이 생겨요. 원래는 그냥 허황된 꿈일거라 생각했었는데 내가 꿈에서만 그리던 칸에 직접 빠니님이 초청받으신거 보니까,, 이것도 나의 미래의 미리보기구나 하는 마음이 들어요. 너무 멋있어요 좋은 영상 감사합니다!",칸 초청 꿈 영화 입 시생 고등학생 보틀 영상 세계 여행 목표 가지 처음 그냥 내 못 곳 대리 마음 이제 내 미래 곳 미리보기 느낌 영상 오늘 이 영상 보 칸 수 희망이 원래 그냥 허황 꿈 생각 내 꿈 칸 직접 빠니님 초청 거 보 것 나 미래 미리보기 구나 마음 영상
"잠시 지치시기도 했지만, 다시 더 활짝 웃는 모습 볼 수 있어서 너무 좋습니다!여행 유튜버 영역을 이미 뛰어넘으셨어요.. 칸이라니진짜 가슴 뜨거워지고 기분 좋네요ㅎㅎ 진심으로 축하드려요. 항상 응원하겠습니다!!",잠시 기도 다시 더 활짝 모습 볼 수 여행 유튜버 영역 칸 진짜 가슴 기분 진심 축하 항상 응원
곽배우님 진짜 친절하시다...선 자체가 너무 다르셔...남자가 봐도 눈이 즐거운??빠니형 귀국축하드리고 깐느에서 좋은 결과있으시길 빌겠습니다.술꾼녀배우분들 진심 너무 멋지다가 진짜인듯.형 1억구독자 ㄱㄱㄱㄱㄱ!!,곽 배우 진짜 선 자체 남자 눈 형 귀국 축하 깐느 결과 술 녀 배우 진심 진짜 듯 형
"많은분이 그렇듯이 저도 인도 기차편으로 유입된 구독자입니다
여행1편 - 귀농 - 좋좋소 - 여행2편 - 칸까지.. 모든 여정 함께해서 즐거웠습니다
앞으로의 빠니보틀의 행보도 응원하겠습니다",분 저 인도 차편 유입 독자 여행 편 귀농 여행 편 칸 모든 여정 앞 보틀 행보 응원
진짜 여행을 즐기는 건 빠니형님이 최고인듯 옛날에 인도여행 시절부터 보았지만 남들과는 다르게 억지로 웃는게 아닌 진심이 느껴짐 그리고 항상 여행할 때 마다 만나는 새로운 인연들도 다양해서 이게 여행의 맛이구나를 간접적으로 느끼게 되기도 하고 비록 이제 다시 한국으로 돌아오셔서 일상을 보내시지만 코로나가 잠잠해지는 그 순간 다시 한번 우리 구독자들과 곽튜브와 신혼 여행을 하실 신랑 빠니님을 기다리며 계속 영상 챙겨보겠습니다. 다음을 기약하며 안녕히!,진짜 여행 건 형님 최고 듯 옛날 인도 여행 시절 남 억지로 진심 항상 여행 때 마다 인연 이 여행 맛 를 간접 기도 비록 이제 다시 한국 일상 코로나 그 순간 다시 한번 우리 독자 곽튜브 신혼 여행 신랑 빠니님 계속 영상 다음 기약
빠니보틀님의 영상을 내가 좋아하는 이유.... 재미진 이야기나 볼거리 흥미거리만 제공하는 것이 아니라 항상 마지막영상에 무언가 모를 감동과 여운이 있는게 깊게 남아요영상을 전달하는데 감각이나 능력이 뛰어나신 듯 합니다 이러다 진짜 찐팬 되겠네요 아니 사실 벌써 찐팬 됐어요 ,보틀 영상 내 이유 재미 진 이야기 볼거리 흥미 거리 제공 것 항상 마지막 영상 무언가 감동 여운 남아 영상 전달 감각 능력 듯 진짜 팬 사실 벌써 팬
빠니 채널본지도 2년된거 같은데 단순히 여행컨텐츠를 넘어서 웹툰스토리 짜던 본래의 재능을 살려 이렇게 성장하신게 넘나 대단하신듯. 여러모로 잘되셔서 너무 보기 좋네요 ㅎㅎ,채널 지도 여행 컨텐츠 웹툰 스토리 본래 재능 모로 보기
"칸의 부름을 받는 건 모든 영화/드라마 제작자들이 누릴 수 있는 가장 큰 영애 중 하나라 생각하는데, 진짜 너무 대단하십니다! 앞으로도 작품 계속 만들어 주세요:)",칸 건 모든 영화 드라마 제작자 수 가장 영애 중 하나라 생각 진짜 앞 작품 계속
데뷔작이 바로 칸으로...감동 그 자체.,데뷔 작 바로 칸 감동 그 자체
아무것도 하지않으면 아무일도 일어나지않는다 라는 말의 반대의 표본인 빠니보틀님!!!! 도전하고 시도하는 빠니보틀님 채널을 알게되어 너무 좋습니다. 오랜 여행끝에 한국 귀국을 축하드려요,것 일도 일어나지 말 반대 표본 보틀 도전 시도 보틀 채널 알 여행 끝 한국 귀국 축하
"아 진짜 빠니형님!!!!!! 너무 보고 싶었어요. 빠니님 영상을 얼마나 기다렸는지 몰라요 매번 느끼는건데 빠니님 영상은 길이에 상관없이 매번 깊은 여운을 주는것 같아요. 영상의 마지막에 느낀점을 간략하게 적어주시는것도 너무 인상적이예요. 비록 여행에 지쳐서 쉬신다고 하셨지만 적적하실 때, 구독자들과 소통하고 싶을 때 종종 방송 해주세요. 항상 기다릴게요.",진짜 형님 보고 빠니님 영상 얼마나 매번 빠니님 영상 길이 매번 여운 영상 마지막 점 인상 이예 비록 여행 쉬 때 독자 소통 때 종종 방송 항상
긴 여행 너무 수고 많으셨습니다. 이번 해외여행 처음 본 게 엊그제같은데 243일이나 지났다니 시간 참 빠른 것 같아요. 미국 간거부터 시작해서 남미 등등 여행 영상 올라올 떄 마다 하나씩 봤는데 보다보니 해가 바껴있다는게 참 신기한것같아요. 다시 한번 긴 여행 수고하셨고 편히 쉬세요,여행 수고 이번 해외여행 처음 게 엊그제 시간 것 미국 시작 남미 등등 여행 영상 떄 마다 하나 해 바 다시 한번 여행 수고
칸 페스티벌까지 구경 시켜 주시고오!! 대박이셔♡ 정말 제가 시야가 넓어지는 느낌이에요! 그리고 차려입으신거 정말 멋지시네여♡여행 마무리가  고생하신만큼 보상받으신 거 같아 괜히 제가 다 뿌듯합니다아♡ 무사귀환 축하드리고 앞으로의 행보도 항상 응원하겠습니다 'ㅅ',칸 페스티벌 구경 주시 고오 대박 셔 정말 제 시야 느낌 거 정말 멋 지시 여행 마무리 고생 보상 거 제 무사 귀환 축하 앞 행보 항상 응원
영상 보고 되게 열심히 살고 싶어짐. 빠니보틀도 대단하고 여기 모든 배우님들도 얼마나 열심히 하셨는지가 느껴져서 좋다. 빠니보틀 유투브 말고도 계속 드라마 감독해서 전세계로 나갔음 좋겠다.,영상 보고 살 짐 보틀 여기 모든 배우 얼마나 보틀 유투브 계속 드라마 감독 전세계
인도 막바지부터 봤는데 빠니형 이렇게 대기업 된거 보니까 감격스럽다…!!! 앞으로 유튜브도 더 잘되고 감독으로도 더 성공했으면!! 항상 응원해요 빠니형!!!,인도 막바지 형 대기업 된거 보 감격 앞 유튜브 더 감독 더 항상 응원 형
사실 저 정도 클래스인데 걍 세계여행 떠나버리는 갓틀보틀 그는 진정 과소평가된 유튜버임이 분명하다... 칸이라니 ㄷㄷ,사실 저 정도 클래스 세계 여행 틀 보틀 그 진정 과소 평가 유튜버임 칸
무한도전에서 유명한 춤추는 작가님이 나오시다니 그 장면은 예상 못했는데요. 우리나라 콘텐츠들이 전세계에 뻗어나가는군요.,무한도전 작가 그 장면 예상 우리나라 콘텐츠 전세계
내가 알던 인도에서  음성 없이 음식 영상 찍던 유튜버가 맞나.. ㄷㄷ 칸 이라니.. 가슴이 웅장해진다,내 인도 음성 음식 영상 유튜버 칸 가슴 웅장
오랜만에 올라왔네요 영상 >_< 확실히 다합에서 한달동안 힐링하시고나니 얼굴도 좋아지시고 표정도 밝아지셨네요 ㅎㅎ 게다가 칸 드라마 페스티벌에도 초청되시고 진짜 셀럽 다되셨네요  한때는 구독자 천명 넘으셨을때 눈물 흘리셨다는 분이 이젠 여기까지 오시니까 흐뭇하네요 ㅎㅎㅎ 고생 많으셨고 한국에서도 쉬시면서 다음 여행 준비 잘 하시길요 ,만 영상 다합 달동 안 힐링 얼굴 표정 게다가 칸 드라마 페스티벌 초청 진짜 셀럽 때 독자 천명 때 눈물 분 젠 여기 오시 고생 한국 다음 여행 준비 길
좋좋소 근 1년간 본 드라마 중에 술꾼 여자들과 더불어 가장 재미있게 본 드라마입니다. 제가 예전에 다녔던 회사랑 너무 닮아서 공감되기도 했고요~ 그런 훌륭한 드라마를 만드신분이 빠니보틀이라는 사실을 나중에서야 알게 되어 깜짝 놀랐습니다. 정말 다재다능한 능력자님의 칸 입성 축하드립니다. ㅎㅎㅎㅎ,드라마 중 술 여자 가장 드라마 제 예전 회사 공감 기도 드라마 분 보틀 사실 나중 알 깜짝 정말 능력자 칸 입성 축하
15:35 정은지님한테 채널 안 말하고 쉬고 있다고 말하는 게 리얼빠니클라스..,정은지 채널 안 말 쉬 말 게 리얼 클라스
"빠니님 보면서 세계여행 꿈을 중3때부터 키웠는데, 성인이 훌쩍 되버렸네요 ㅋㅋㅋ 벌써 영상 돌려본지 수십번은 된것 같아요. 물론 제가 지금하려하는 정비사 면허를 따고, 해외 항공사 취직을 하면 뭔가 세계여행이 아닐것 같기는 하지만요 ㅋㅋㅋㅋㅋㅋㅋㅋ 빠니님 초반 영상처럼 뭔가에 얽매이지 않고 여행하는거 너무 해보고 싶네요!추신: 코로나 이후 우리나라 항공사 매출 10%는 빠니보틀이 일궈낸것임 ㅋㅋㅋㅋㅋ",빠니님 세계 여행 꿈 중 때 성인 훌쩍 벌써 영상 번은 제 지금 정비사 면허 해외 항공사 취직 뭔가 세계 여행 만요 빠니님 초반 영상 뭔가 얽매 여행 코로나 이후 우리나라 항공사 매출 보틀 임
인도여행때부터 봐온 구독자로서 빠니보틀님이 구독자 100만이 넘는 유튜버가 되시고 칸에까지 초청받으시는 모습이 너무 좋습니다ㅜㅜ,인도 여행 때 온 독자 로서 보틀 독자 유튜버 칸 초청 모습
꿈을 포기했던 많은 지친 마음들에 다시 꿈을 심어준 빠니 항상 잘되도록 응원해요 솔직하고 담백하고 두려움 없는 박재한 많은 사람들의 영감을 주는 삶을 계속 살기를,꿈 포기 마음 다시 꿈 준 항상 응원 두려움 박재한 사람 영감 삶 계속 살기
꺄 오랜만에 맛있는 감자형보니까 너무 좋네요.. 재수할 때 첫 영상부터 끝까지 여행 정주행한 동생으로써 너무 뿌듯합니다. 시험기간이라 공부하다가 잘 안될 때 다시 보러올게요! 항상 건강하시고 행복하세요! 재밌는 유튜브 영상 만들려고 너무 무리하지 마시고 롱런하시길 바라겠습니다!!️,꺄 만 감자 보 재수 때 첫 영상 끝 여행 정 주행 동생 시험 기간 공부 때 다시 항상 유튜브 영상 롱런
와 제가 군대가기 전부터 봤던 빠니보틀님이 코로나때매 한국 들어오셔서 감독이 되시고 이젠 칸에 초대까지 받으시다니... 믿기지가 않네요 영상에 대한 감각이 살아 있으셔서 이렇게 승승장구 하시는거 같애요 화이팅입니다,제 군대 가기 전 보틀 코로나 때매 한국 감독 젠 칸 초대 영상 대한 감각 살 승승장구 애 화이팅
"I'm so proud of Pani Bottle.  Feels like if you do what you love, good things will come.  And even if it doesn't, you did what you love.",
"19:25 이때 그는 아직 몰랐다. 앞으로 수 차례나 더 칸에 오게 되리라는 것을...N년 뒤, 전설의 '그' 작품으로 감독 박재한은 칸에 다시 오게 된다...",때 그 앞 수 차례 더 칸 것 년 뒤 전설 그 작품 감독 박재한 칸 다시
꿈은 이루어진다의 리얼현실판인듯요ᆢ빠니보틀님을 비롯 배우님들도 여기까지오면서 얼마나 많은 일들을 견디면서참았을것이며제작자님들과 관계자님들도 마찬가지였을것같은데 이렇게 칸으로 초청을 받아 오다니 보고도안믿길뻔했지만 이렇게 증거영상이 있으니믿을 수 밖에 없네요모두모두 좋좋소를 만나 칸까지 오다니 진짜수고많았고 진짜 감동 보기좋습니다진심으로 축하드립니다,꿈 리얼 현실 판 듯 보틀 비롯 배우 여기 얼마나 일 제작자 관계자 마찬가지 칸 초청 보고 도안 증거 영상 수 모두 모두 소 칸 진짜 수고 진짜 감동 보기 진심 축하
무사귀국 축하드립니다!우여곡절 많았던 이번 여행을 지켜보면서 즐겁기도 했지만 안타깝기도 한 마음에 빠니님을 위해 기도도 했었습니다ㅎㅎ이 여행의 마지막이 행복한 모습이여서 참 좋습니다^^빠님님. 동글동글 감자씨.웰컴투코리아♡,무사 귀국 축하 우여곡절 이번 여행 기도 기도 마음 빠니님 위해 기도 이 여행 마지막 모습 빠님님 동글동글 감자 웰컴 투 코리아
진짜.. 동남아에서부터 봤을 때에는 이렇게 성공할 리 꿈에도 몰랐는데.. 4년동안 빠니보틀님의 영상을 보면서 진짜 행복했습니다.,진짜 동남아 때 리 꿈 보틀 영상 진짜
너무 고생하셨습니다! 오랜만에 텐션 다시 높아신 영상 보니까 너무 반가웠어요! 지금처럼 즐거운 일들만 찾아서 하실 수 있길 바라겠습니다 좋은 영상 항상 감사합니다~,고생 만 텐션 다시 영상 보 지금 일 수 영상 항상
혼자 여행하고 이상한 택시기사 만나서 고생하고 이상하고 요상한 여행만 하다가 이렇게 빠니님이 원하던 다같이 여행하는 모습을 보니까 되게 뭉클하네요 와..역시 인생은 도전해봐야하는걸 많이 깨닫습니다 삼년전 일화를 촬영할때 이 모습이 상상이나 되셨을까요,혼자 여행 택시 기사 고생 상한 여행 빠니님 다 여행 모습 보 역시 인생 도전 년전 일화 촬영 때 이 모습 상상
"긴 여행의 끝을 너무나 멋지게 장식하셨네요~클라스가 다른 넘사벽 천재 빠니보틀님.빠니보틀님의 여행을 사랑하고,매번 감탄에 감탄을 자아내며 시청한 좋좋소의 팬으로서 정말로 기쁘고 자랑스럽습니다~빠니보틀님의 능력이 우리나라를 넘어 전 세계로 뻗어나가길 응원합니다~싸랑해요 빠니보틀~^^",여행 끝 장식 클라스 다른 넘사벽 천재 보틀 보틀 여행 사랑 매번 감탄 감탄 시청 소의 팬 보틀 능력 우리나라 전 세계 응원 싸랑 보틀
"진짜 한국드라마 문화승리라고 생각하는데 그 속에 좋좋소까지 포함된다고하니 감동... 저는 아직까지 어떤 길을 걸어가야할까 걸어나가면서도 끊임없이 걱정되는데, 원하시는 일을 도전하면서 성공해나가시는 모습을 보니까 제가 다 찡하네요 ",진짜 한국 드라마 문화 승리 생각 그 속 소 포함 하니 감동 저 길 걱정 일 도전 나가시 모습 보 제
"전체 드라마의 힘이나 오리진은 빠니때부터 우리끼리 재미있는 거 해볼까 하는데서 나왔겠고, 칸 드라마부분에 섭외될 수 있는 마케팅력은 또 대기업의 힘이 아닐까 싶고... 이래 저래 잘되었네요.",전체 드라마 힘 오리진 때 우리 끼리 거 칸 드라마 부분 섭외 수 마케팅 또 대기업 힘
빠니님 드디어 한국 입국 하셨네요! 코로나로 인해 해외 못 나간지 오래 되서 빠니님 여행 보며 대리만족 했어요~ 우여곡절 많은 여행이였지만 오랜만에 들어온 한국에서 맛있는것도 많이 먹으면서 푹 쉬는 시간 가졌으면 좋겠어요항상 응원 합니다!!,빠니님 한국 입국 코로나 해외 못 빠니님 여행 대리 만족 우여곡절 여행 만 한국 푹 시간 항상 응원
우아 너무 대단하세요! 우연히 여행채널로 보게 됐어요!찐팬 됐습니다! 칸 입성 축하합니다,여행 채널 팬 칸 입성 축하
칸은 진짜.. 형 칸이라는 동네랑 행사보다 좋은 사람들 덕분에 좋은 동네가 된 걸거야 고생많았어 형,칸 진짜 형 칸 동네 행사 사람 덕분 동네 고생 형
코로나 이후로 다들 그렇겠지만 여행이라는 단어를 잊고 살았는데 빠니님 영상 접한 이후로는 대리만족하며 버티고 있습니다! 다음달에 결혼하는데 신혼여행이 더더욱 기대됩니다! 앞으로도 재밌는 컨텐츠 기대하겠습니다!,코로나 이후 여행 빠니님 영상 접 이후 대리 버티고 다음 달 결혼 신혼여행 더 더욱 기대 앞 컨텐츠
와 진짜 즐기면서 열심히 사니까 사람 인생은 새옹지마 맞네빠니님 완전 초창기 첫 여행 할때부터 세계일주 관심 많아서 검색했다가 봤는데그때는 코로나 이전이여서 여행 유튜버 사람들이 잘 검색해서 안보고 매니아층만 알았는데 짧은 시간만에 큰 인플런서가 되셨네 크...,진짜 사 사람 인생 새옹지마 님 완전 초창 기 첫 여행 때 세계 일주 관심 검색 그때 코로나 전이 여행 유튜버 사람 검색 안보 매니아 층 시간 인플런서
빠틀님 나중에 여행 에피소드만 묶어도 책하나 낼 수 있을거같아요. 책에 그림 삽입하지말고 주소 삽입해서 바로 영상도 볼수있께 하면 좋겠네요. 영상에 담지 못한 재밌는 이야기들이 정말 많을거같아요. 여행책으로는 손미나 - 스페인 너는 자유다 를 처음 읽었는데 되게 재밌게 읽었거든요. 나중에 기대해봅니다.,빠틀님 나중 여행 에피소드 책 하나 낼 수 책 그림 삽입 주소 삽입 바로 영상 영상 못 이야기 정말 여행 책 손미나 스페인 너 자유 를 처음 나중 기대
와 진짜 너무 멋있다 정말 너무너무 완벽한 감자ㅠㅠㅠㅠㅠ 또 반하고 갑니당.....,진짜 정말 감자 또
너무 행복해 보여 저도 기분이 좋네요.한국에서 꽃길만 걸으시고앞날에 좋은 일만 있으시길...항상 응원합니다!!!,저 기분 한국 꽃길 앞날 일만 항상 응원
빠니형 구독자 2만명때부터봤어요 모든영상이 너무 재미있어요... 형이 이렇게 대기업이 되가는걸 보니 저도 기분이 좋네용 ㅎㅎㅎ 더 흥하셨으면 좋겠습니다.,형 독자 영상 형 대기업 저 기분 용 더 흥
빠니영상은 딱히 감동같은거 없어도 자체만으로 힐링됨.. 진짜 뜸해서 더 귀해져버림 ㅜㅜ,영상 감동 자체 힐링 진짜 뜸 더
그래도 스트레스 받으면서 여행하는거 같아서 맘이 안좋았는데 이렇게 힐링한거보니까 맘이 놓이네 언제나 응원합니다,스트레스 여행 맘 힐링 거보 맘 응원
한사람의 성공스토리를 보는 느낌이다. 몇만명일때부터 봤는데 122만명이라니 와우,사람 스토리 느낌 명일 때 와우
작년부터 형님 채널 봤는데 구독자 100만 넘으셨고 칸 영화제 초청되고 힐링 여행을 넘어 대단한 경험 하시다니 멋집니다!,작년 형님 채널 독자 칸 영화제 초청 힐링 여행 경험
아무것도 아닌말일지라도 꿈에 그리던 한국이라는 자막이 그가 얼마나 긴여정을 홀로 버티고 그 버틴시간동안 우리에게 행복을 전해줬는지 함축해주네요,것 일지 꿈 한국 자막 그 얼마나 여정 홀로 버티고 그 시간 동안 우리 행복 전 함축
빠니형. 지금까지 성공도 놀랍고 기쁘고 앞으로 거둘 성공의 가도 또한 상상 이상일 것 같아서. 왠지 나랑 같이 흙바닥에서 놀다가 천상계로 훌쩍 가버린 듯한 느낌이 들어서. 좋기도 하고 서글프기도 하고 축하하기도 하고 부럽고 질투도 나고 그러네. 이 복잡한 마음 다 모아서 정말 축하해. 나도 이런 마음들 모아서 내 인생 불태우러 가야겠어. 그동안 같이 놀아줘서 고마워.,형 지금 성공 앞 성공 가도 또한 상상 이상일 것 나 흙 바닥 천상계 훌쩍 듯 느낌 기도 기도 축하 질투 이 마음 정말 축하 마음 내 인생 불 그동안
형 혼자 다니면서 고독하게 참다가 아는사람들 만나면 진짜 행복해 보여...,형 혼자 고독 사람 진짜
"공연예술계는 스코틀랜드의 에든버러에서 평가를 받고 이후 세계로 뻗어나가는게 보통인데, 영상쪽은 칸이 그러하군요. 2016년인가 2017년대까지는 지인들과 해외 컨벤션 축제 자주 갔었고, 참 재미있었는데, 그 때 생각도 나네요. 빠니보틀 채널 초창기때 볼때랑 완전 다른 고도 성장된 분위기도 좋고...",공연예술 스코틀랜드 에든버러 평가 이후 세계 보통 영상 쪽 칸 지인 해외 컨벤션 축제 자주 그 때 생각 보틀 채널 초창 때 볼때 완전 다른 고도 성장 분위기
여행유투버를 처음으로 알게 해준 빠니보틀님이 이리 칸에 초대도 받으시고 제가 다 뿌듯하고 설레네요.. 여행 막바지에 여행하시는 모습이 그닥 재미없어 보이는 표정이 느껴졌었는데... 이번 영상에는 너무 신나 보이시네요. 저도 신기하고 즐겁게 봤습니다. 한국에서도 맛있는거 많이 먹고 푹 쉬시고다음 또 여행을 시작하시든 연출을 하시든 뭐든 응원할게요! 화이팅!!!,여행 유투 버 처음 알 보틀 칸 초대 제 여행 막바지 여행 모습 그닥 표정 이번 영상 저 한국 푹 또 여행 시작 연출 뭐 응원 화이팅
칸이 생각지도 못하게 재미 있었는게 아니라좋은 사람들과 같이 행복한 시간을 보내서 좋은게 아니였을까? 생각해봅니다.오래간만에 영상에 웃음이 끊이질 않는 행복한 영상 감사합니다 저도 같이 행복해졌어요^^,칸 생각 지도 재미 사람 시간 은 생각 영상 웃음 영상 저
와... 이 형은 진짜 여행유튜버의 영역을 넘어섰다ㅋㅋ,이 형 진짜 행유 튜버 영역
그 동안 영상안올리셔서 궁금했는데 찐으로 멋있고 행복한 삶을 사시고 계셨네요!!! 왕관을 누리실 자격이 충분합니다 화이팅!,그 동안 영상 삶 사시 왕관 자격 화이팅
오오 칸에 초청받으셨다니축하드리고 대단하시네요항상 영상 잘 챙겨보고있습니다응원합니다,칸 초청 축하 항상 영상 응원
빠니님이 이렇게 성공하고 계시니 구독자로써 너무나뿌듯하네요.진심이 담긴 영상이 주는힘을 느낍니다.200만 가자,빠니님 독자 로써 진심 영상 힘
상당히 자랑스럽군 우리 감자형….앞으로도 흥하기만 하자~~~!!!,우리 감자 앞 흥 하자
역시 그릇의 물을 급하게 담지않고 진짜 월드 클래스가 무엇인지 보여주셔서 감사합니다.,역시 그릇 물 진짜 월드 클래스 무엇
15:36 빠니형 이렇게 표정 밝은거 오랜만에 보는 것 같아ㅋㅋㅋㅋㅋㅋㅋ정말 찐텐 행복이다.,형 표정 만 것 정말 행복
정은지 옆에서 부끄러워하는 거 졸귀ㅋㅋㅋㅋㅋ,정은지 옆 거 졸귀
자랑스럽다 빠니보틀.진짜 멋있다.감동이다!!고생했어요!,보틀 진짜 감동 고생
빠니찡!! 칸까지 진출하다닝..넘나리 축하드려요. 앞으로 쭉쭉 나아가길바랍니다  다합에서 스트레스 풀고와서 그런지 표정이 너무 좋아보여서 기뻐요 ㅎ,칸 진출 닝 축하 앞 쭉쭉 다합 스트레스 풀 표정 아보
빠니님! 이번 여행도 고생하셨어요! 지금쯤 편안하게 쉬고 계시겠지만 또 다른 여행을 위한 쉼이라고 생각하시고 푹 쉬세요!!저는 빠니님의 그 또 다른 여행을 언제나 기다리고 있겠습니다 :),빠니님 이번 여행 고생 지금 쉬 또 다른 여행 위 생각 푹 저 빠니님 그 또 다른 여행
"이번 영상 본 시간이 5분 정도였던 것 같은데 20분짜리 영상이었다구요??!!빠니님 영상은 뭔지는 모르겠는데, 확실히 뭔가가 다른 것 같습니다.그래서 시간이 지나가는 줄 모르고 빠져드는 것 같네요.(그래서 좋좋소 1~3편도 재밌게 봤었구요.)한국 오셨으니 국내 여행 영상, 브이로그 영상 많이 올려주세요~~~^^",이번 영상 시간 정도 것 영상 빠니님 영상 뭔 뭔가 다른 것 시간 줄 것 편도 한국 국내 여행 영상 브이 로그 영상
우리형 진짜 월클이었구나 너무 좋다 자랑스럽다!!,우리형 진짜 월
칸...정말 대단하십니다...한국적인 것이 세계적인 것이다...라는 말이 정말 실감나는 장면이 아닌가 합니다....,칸 정말 한국 것 세계 것 말 정말 실감 나 장면
클라스... 가슴이 웅장해지네요 칸이라니...,클라스 가슴 웅장 칸
2000명일때 알고리즘에뜬 영상부터 정주행후 지금까지 꾸준히 보고있는사람으로써 잘될거라 생각했지만 이렇게 잘될줄은 꿈에도몰랐음,명일 때 알고리즘 영상 정 주행 후 지금 사람 생각 꿈
진짜 멋있는 사람. 솔직하고 꾸밈없어서 매력적인 사람.,진짜 사람 꾸밈 매력 사람
유튜브 초창기 때 ( 베트남에서 오토바이 타고 달달거리며 돌아당길때) 부터 봐온 구독자로써는 요즘세상의 성공스토리를 처음부터 끝까지 함께하고 있는것 같아서 너무 기분 좋코 어디까지 갈지가 더 궁금해지네요,유튜브 초창 기 때 베트남 오토바이 타고 달달 거리 때 부터 온 독자 로써 요즘 세상 스토리 처음 끝 기분 코 어디 더
빠니보틀님 여행유투버의 영역을 넘으셨네요. 새로운 도전이 정말 너무나도 성공했고 저도차도 별 기대 안했는데 좋좋소 너무 명작이더라구요 대단!!!! 멋있어요,보틀 여행 유투 버 영역 도전 정말 도 차도 별 기대 명작
진짜 빠니형은 여행 한 걸로 책 내면 베스트셀러 각이다,진짜 형 여행 걸 책 내면 베스트셀러 각
야무지게 알아서 잘 돌아다니시고 칸까지 초청된 거 보면 뿌듯합니다 한국 오신 것 같던데 격리 끝나고 한국영상도 기대할게요,칸 초청 거 한국 오신 것 격리 한국영 상도
진짜 너무 멋있어요흔한 동네 오빠같던 사람이 이렇게 성공한거 보니까신기하고 그냥 너무 멋있어요양복 입은 모습은 이 채널에서 처음 본것 같네요ㅎㅎ유튜브 오래오래 해주세요 항상 고마워요,진짜 동네 오빠 사람 보 그냥 양복 모습 이 채널 처음 유튜브 오래오래 항상
좋좋소 드라마가 좋은 영향을 준것같네요.. 여행이라는게 일상에서 벗어나서 쉬러 갈때가 젤 좋은 여행인건데 여행이 일이 되어버리고  거시서 안 좋은 일까지 일어나니 많이 힘드셨을것 같습니다. 그런 점에서 유튜브는 참 여러일을 할수 있는게 참 좋은것같네요.,드라마 영향 여행 게 일상 때 젤 여행 건데 여행 거시 안 일 점 유튜브 일 것
이게 나비효과?? 여행유튜버가 호기심과 도전으로 시작한 웹드라마? 제작이 대박후 대기업에 팔리고 칸 까지 진출~~진짜 대박이다,이 나비효과 행유 튜버 호기심 도전 시작 웹 드라마 제작 대박 후 대기업 칸 진출 진짜 대박
마지막 장면 세상 행복한 빠니님 표정에 힐링되네요~ 한국일상도 자주보여주세요,마지막 장면 세상 빠니님 표정 힐링 한국 일상 자주
배우는 배우고 걸그룹은 걸그룹이구나를 제대로 느끼네요..곽배우님은 어릴땐 어리숙한역할도 많이했는데 무사 백동수라던가 진지한 연기 시작하더니 배우포스가ㄷㄷ정은지누님두 방송카메라가 아니라 이렇게보니까 직접만나면 말도못꺼낼듯.그와중에 이미나대리 매우멋지고~,걸그룹 걸그룹 를 제대로 곽 배우 땐 역할 무사 백동수 연기 시작 배우 포스 정은지 누님 방송 카메라 보 직접 말 와중 미나 대리
진짜 인생은 이렇게 살아야되는건데......,진짜 인생
진짜 진심으로 항상 자기것을 하고 빠니보틀 브랜드 가치가 앞으로 더 많은사람에게 알려졋르면 좋겟어요,진짜 진심 항상 보틀 브랜드 가치 앞 더 사람 알려졋르
레드카펫도 잘 어울리는 감자... 멋져요 ㅠ2:42 와 직접 만든 후드티 ㅋㅋ 너무 잘만들었고 정성가득 귀엽네요 ㅠㅠ 굿즈로 팔면 사고 싶을 정도,레드카펫 감자 직접 후드 티 정성 가득 굿 로 팔면 사고 정도
인도 돌아다니던게 엊그제 같은데 엄청난 인물이 되신 감자형...,인도 엊그제 인물 감자
와~~ 빠니보틀은 역시 난놈!!!!디자인할때 만들때도 즐겁고 완성했을때도 나름 뿌듯하지만~~ 선물받은 사람이 이렇게 좋아해주면 완전 감동~~!! 선물한 사람 알수 있게 촬영해서 올려도 주고!!!! 한국 도착했을때도 입고 있는거 보고 혼자 박수치며 찐 감동했어요!!!! 백차장한테 집주소 보내주면 조만간 빠니보틀용 반팔티에 반바지 갑니다!!!!,보틀 역시 난놈 디자인 때 때 완성 때 나름 선물 사람 완전 감동 선물 사람 촬영 한국 도착 때 보고 혼자 감동 차장 집 주소 조만간 보틀 용 티 반바지
"빠니보틀님~ 잘 쉬시고 무사히 귀국하셔서 다행입니다~ ㅎㅎ정말이지 칸 마무리 너무 잘 봤어요!!!뭐 언제 또 나갈지는 모르겠지만, 그래도 저희는 계속 기다리겠습니다. 유튜브도 많이 챙겨줘요!",보틀 귀국 다행 정말 칸 마무리 뭐 언제 또 저희 계속 유튜브
그동안 열심히 여행하신다고 고생하셨습니다!!! 한국 가셔서 원하는대로 푹 쉬고 하고 싶은 활동 마음껏 하시길 바라요. 칸에 초청 받으신 빠니보틀님 진짜 멋있네요 ㅋㅋㅋㅋ,그동안 여행 고생 한국 푹 쉬 활동 마음껏 칸 초청 보틀 진짜
빠독자로써 가슴이 웅장해지는 영상이구먼~~,빠 독자 로써 가슴 웅장 영상 구먼
지쳐있는 빠니님께 힘을 주려는 하늘의 뜻이었나봐요! 한템포 쉬시고 하시고 싶은거 맘껏 하시기를 !!,빠니님 힘 하늘 뜻 템포 맘껏
"와 매년 열리는 여행 박람회와는 다른 느낌 ㅎㅎ저도 매년 가지만, 항상 새롭고 신나는 곳이에요!특히나 관계자분들이랑 소통하고 웃는 모습 보니 좋으다 좋으다. 웰컴 홈!!",매년 여행 박람회 다른 느낌 저 매년 가지 항상 새 곳 나 관계자 소통 모습 웰컴 홈
칸 특집 눈빠지게 기다리고 있었어요 ㅜㅜㅜㅜ,칸 특집 눈
우와칸에도 가셨구나 대단,와칸
10만때 인도에서 개고생할때부터 봤는데 계속 잘되는걸 보니까 너무좋다 ㅠ 월클감자형 가자!,인도 개 고생 때 계속 보 월 감자
진짜 너무 멋있다 빠니 ㅠ 고생하셨습니다,진짜 고생
빠니보면 진짜 인생역전이라는게 어떤건지를 제대로 보여주는거 같음,진짜 인생역전 게 제대로
